scenario,gea_region,year,lrmer_co2e_kg_per_MWh
MidCase,CAISO,2025,253.8
MidCase,CAISO,2030,184.2
MidCase,CAISO,2035,69.6
MidCase,CAISO,2040,37.5
MidCase,CAISO,2045,28.4
MidCase,CAISO,2050,22.3
MidCase,ERCOT,2025,268
MidCase,ERCOT,2030,176.8
MidCase,ERCOT,2035,90.1
MidCase,ERCOT,2040,91.7
MidCase,ERCOT,2045,98.6
MidCase,ERCOT,2050,116.7
MidCase,FRCC,2025,500.4
MidCase,FRCC,2030,334.9
MidCase,FRCC,2035,303.9
MidCase,FRCC,2040,283.5
MidCase,FRCC,2045,193.5
MidCase,FRCC,2050,315.1
MidCase,ISONE,2025,316
MidCase,ISONE,2030,220.4
MidCase,ISONE,2035,143.8
MidCase,ISONE,2040,102.8
MidCase,ISONE,2045,65.8
MidCase,ISONE,2050,45.8
MidCase,MISO_Central,2025,745.7
MidCase,MISO_Central,2030,163.4
MidCase,MISO_Central,2035,181
MidCase,MISO_Central,2040,212.7
MidCase,MISO_Central,2045,119.9
MidCase,MISO_Central,2050,169.3
MidCase,MISO_North,2025,467.4
MidCase,MISO_North,2030,105.9
MidCase,MISO_North,2035,72.6
MidCase,MISO_North,2040,144.4
MidCase,MISO_North,2045,93.7
MidCase,MISO_North,2050,132.8
MidCase,MISO_South,2025,616
MidCase,MISO_South,2030,241.1
MidCase,MISO_South,2035,110.1
MidCase,MISO_South,2040,74.2
MidCase,MISO_South,2045,139.4
MidCase,MISO_South,2050,217.5
MidCase,NYISO,2025,339.8
MidCase,NYISO,2030,194.8
MidCase,NYISO,2035,161.1
MidCase,NYISO,2040,0
MidCase,NYISO,2045,0
MidCase,NYISO,2050,0
MidCase,NorthernGrid_East,2025,282.1
MidCase,NorthernGrid_East,2030,183
MidCase,NorthernGrid_East,2035,181.1
MidCase,NorthernGrid_East,2040,77.2
MidCase,NorthernGrid_East,2045,100
MidCase,NorthernGrid_East,2050,260.3
MidCase,NorthernGrid_South,2025,236.9
MidCase,NorthernGrid_South,2030,191.1
MidCase,NorthernGrid_South,2035,146.6
MidCase,NorthernGrid_South,2040,79.5
MidCase,NorthernGrid_South,2045,84.5
MidCase,NorthernGrid_South,2050,141.7
MidCase,NorthernGrid_West,2025,100.1
MidCase,NorthernGrid_West,2030,47.6
MidCase,NorthernGrid_West,2035,43
MidCase,NorthernGrid_West,2040,26.2
MidCase,NorthernGrid_West,2045,23.7
MidCase,NorthernGrid_West,2050,42.4
MidCase,PJM_East,2025,621.3
MidCase,PJM_East,2030,267.5
MidCase,PJM_East,2035,250.1
MidCase,PJM_East,2040,261.2
MidCase,PJM_East,2045,209.8
MidCase,PJM_East,2050,262.4
MidCase,PJM_West,2025,594.1
MidCase,PJM_West,2030,100.9
MidCase,PJM_West,2035,127.3
MidCase,PJM_West,2040,159.3
MidCase,PJM_West,2045,60.9
MidCase,PJM_West,2050,54
MidCase,SERTP,2025,666.6
MidCase,SERTP,2030,294.2
MidCase,SERTP,2035,147.7
MidCase,SERTP,2040,188.8
MidCase,SERTP,2045,147.9
MidCase,SERTP,2050,179.5
MidCase,SPP_North,2025,716
MidCase,SPP_North,2030,130.9
MidCase,SPP_North,2035,73.2
MidCase,SPP_North,2040,160.8
MidCase,SPP_North,2045,131.1
MidCase,SPP_North,2050,71.4
MidCase,SPP_South,2025,576.1
MidCase,SPP_South,2030,121.1
MidCase,SPP_South,2035,123.1
MidCase,SPP_South,2040,113.5
MidCase,SPP_South,2045,104.5
MidCase,SPP_South,2050,167.9
MidCase,WestConnect_North,2025,539.2
MidCase,WestConnect_North,2030,180.4
MidCase,WestConnect_North,2035,156.2
MidCase,WestConnect_North,2040,78.9
MidCase,WestConnect_North,2045,78.5
MidCase,WestConnect_North,2050,152.5
MidCase,WestConnect_South,2025,282.8
MidCase,WestConnect_South,2030,217.4
MidCase,WestConnect_South,2035,181.7
MidCase,WestConnect_South,2040,55.5
MidCase,WestConnect_South,2045,75.9
MidCase,WestConnect_South,2050,215.1
LowRECost,CAISO,2025,243.1
LowRECost,CAISO,2030,170.7
LowRECost,CAISO,2035,72.3
LowRECost,CAISO,2040,54.5
LowRECost,CAISO,2045,26.3
LowRECost,CAISO,2050,26.2
LowRECost,ERCOT,2025,207.7
LowRECost,ERCOT,2030,126.2
LowRECost,ERCOT,2035,113.6
LowRECost,ERCOT,2040,103.8
LowRECost,ERCOT,2045,86.7
LowRECost,ERCOT,2050,122.2
LowRECost,FRCC,2025,504.1
LowRECost,FRCC,2030,331
LowRECost,FRCC,2035,123.7
LowRECost,FRCC,2040,134.4
LowRECost,FRCC,2045,240.4
LowRECost,FRCC,2050,303.7
LowRECost,ISONE,2025,316.9
LowRECost,ISONE,2030,236.6
LowRECost,ISONE,2035,148.1
LowRECost,ISONE,2040,98.7
LowRECost,ISONE,2045,70.9
LowRECost,ISONE,2050,47.4
LowRECost,MISO_Central,2025,767.4
LowRECost,MISO_Central,2030,180.5
LowRECost,MISO_Central,2035,121
LowRECost,MISO_Central,2040,97.5
LowRECost,MISO_Central,2045,152.5
LowRECost,MISO_Central,2050,186.9
LowRECost,MISO_North,2025,612.6
LowRECost,MISO_North,2030,107.1
LowRECost,MISO_North,2035,74.6
LowRECost,MISO_North,2040,68.7
LowRECost,MISO_North,2045,92.9
LowRECost,MISO_North,2050,112.4
LowRECost,MISO_South,2025,561.6
LowRECost,MISO_South,2030,246.7
LowRECost,MISO_South,2035,62.3
LowRECost,MISO_South,2040,85.9
LowRECost,MISO_South,2045,149
LowRECost,MISO_South,2050,193.3
LowRECost,NYISO,2025,344.4
LowRECost,NYISO,2030,199.7
LowRECost,NYISO,2035,192.4
LowRECost,NYISO,2040,0
LowRECost,NYISO,2045,0
LowRECost,NYISO,2050,0
LowRECost,NorthernGrid_East,2025,248
LowRECost,NorthernGrid_East,2030,57.3
LowRECost,NorthernGrid_East,2035,281.9
LowRECost,NorthernGrid_East,2040,124.1
LowRECost,NorthernGrid_East,2045,166.9
LowRECost,NorthernGrid_East,2050,156.6
LowRECost,NorthernGrid_South,2025,252.8
LowRECost,NorthernGrid_South,2030,89
LowRECost,NorthernGrid_South,2035,174.3
LowRECost,NorthernGrid_South,2040,136.9
LowRECost,NorthernGrid_South,2045,124.9
LowRECost,NorthernGrid_South,2050,114.9
LowRECost,NorthernGrid_West,2025,112.1
LowRECost,NorthernGrid_West,2030,24.2
LowRECost,NorthernGrid_West,2035,48.1
LowRECost,NorthernGrid_West,2040,18.4
LowRECost,NorthernGrid_West,2045,29.1
LowRECost,NorthernGrid_West,2050,26.5
LowRECost,PJM_East,2025,607.3
LowRECost,PJM_East,2030,318.1
LowRECost,PJM_East,2035,188.2
LowRECost,PJM_East,2040,228.6
LowRECost,PJM_East,2045,255.3
LowRECost,PJM_East,2050,248.6
LowRECost,PJM_West,2025,612.7
LowRECost,PJM_West,2030,90.9
LowRECost,PJM_West,2035,97.9
LowRECost,PJM_West,2040,29.8
LowRECost,PJM_West,2045,52.6
LowRECost,PJM_West,2050,87.4
LowRECost,SERTP,2025,613.3
LowRECost,SERTP,2030,228.4
LowRECost,SERTP,2035,68.7
LowRECost,SERTP,2040,145.3
LowRECost,SERTP,2045,141.3
LowRECost,SERTP,2050,193.1
LowRECost,SPP_North,2025,730.2
LowRECost,SPP_North,2030,103.7
LowRECost,SPP_North,2035,117.6
LowRECost,SPP_North,2040,61.2
LowRECost,SPP_North,2045,88
LowRECost,SPP_North,2050,56.9
LowRECost,SPP_South,2025,504.1
LowRECost,SPP_South,2030,101
LowRECost,SPP_South,2035,102.3
LowRECost,SPP_South,2040,100.6
LowRECost,SPP_South,2045,113
LowRECost,SPP_South,2050,147.8
LowRECost,WestConnect_North,2025,545.4
LowRECost,WestConnect_North,2030,83.3
LowRECost,WestConnect_North,2035,191.1
LowRECost,WestConnect_North,2040,148.8
LowRECost,WestConnect_North,2045,137.4
LowRECost,WestConnect_North,2050,123.8
LowRECost,WestConnect_South,2025,268
LowRECost,WestConnect_South,2030,128.9
LowRECost,WestConnect_South,2035,205.5
LowRECost,WestConnect_South,2040,106.8
LowRECost,WestConnect_South,2045,161
LowRECost,WestConnect_South,2050,123.4
HighRECost,CAISO,2025,272.7
HighRECost,CAISO,2030,179.7
HighRECost,CAISO,2035,74
HighRECost,CAISO,2040,47.5
HighRECost,CAISO,2045,22.2
HighRECost,CAISO,2050,25.9
HighRECost,ERCOT,2025,274.7
HighRECost,ERCOT,2030,172.4
HighRECost,ERCOT,2035,136.2
HighRECost,ERCOT,2040,142.2
HighRECost,ERCOT,2045,110.3
HighRECost,ERCOT,2050,140.5
HighRECost,FRCC,2025,500.8
HighRECost,FRCC,2030,423.8
HighRECost,FRCC,2035,330.4
HighRECost,FRCC,2040,278.8
HighRECost,FRCC,2045,312.7
HighRECost,FRCC,2050,298.5
HighRECost,ISONE,2025,315.2
HighRECost,ISONE,2030,213.1
HighRECost,ISONE,2035,148.5
HighRECost,ISONE,2040,98.2
HighRECost,ISONE,2045,74
HighRECost,ISONE,2050,43.7
HighRECost,MISO_Central,2025,677.5
HighRECost,MISO_Central,2030,283.5
HighRECost,MISO_Central,2035,220
HighRECost,MISO_Central,2040,225.4
HighRECost,MISO_Central,2045,199.7
HighRECost,MISO_Central,2050,202.6
HighRECost,MISO_North,2025,314.1
HighRECost,MISO_North,2030,209.7
HighRECost,MISO_North,2035,140.3
HighRECost,MISO_North,2040,140.1
HighRECost,MISO_North,2045,89.1
HighRECost,MISO_North,2050,115
HighRECost,MISO_South,2025,668.3
HighRECost,MISO_South,2030,316
HighRECost,MISO_South,2035,206.7
HighRECost,MISO_South,2040,197.3
HighRECost,MISO_South,2045,186
HighRECost,MISO_South,2050,170.2
HighRECost,NYISO,2025,334.3
HighRECost,NYISO,2030,190.1
HighRECost,NYISO,2035,160.4
HighRECost,NYISO,2040,0
HighRECost,NYISO,2045,0
HighRECost,NYISO,2050,0
HighRECost,NorthernGrid_East,2025,392.3
HighRECost,NorthernGrid_East,2030,296.2
HighRECost,NorthernGrid_East,2035,188.5
HighRECost,NorthernGrid_East,2040,206.9
HighRECost,NorthernGrid_East,2045,259.3
HighRECost,NorthernGrid_East,2050,192.2
HighRECost,NorthernGrid_South,2025,316.5
HighRECost,NorthernGrid_South,2030,209.4
HighRECost,NorthernGrid_South,2035,179.6
HighRECost,NorthernGrid_South,2040,169.8
HighRECost,NorthernGrid_South,2045,177.5
HighRECost,NorthernGrid_South,2050,130.5
HighRECost,NorthernGrid_West,2025,184.6
HighRECost,NorthernGrid_West,2030,58.3
HighRECost,NorthernGrid_West,2035,41.3
HighRECost,NorthernGrid_West,2040,48.9
HighRECost,NorthernGrid_West,2045,50.6
HighRECost,NorthernGrid_West,2050,39.1
HighRECost,PJM_East,2025,585.5
HighRECost,PJM_East,2030,333.4
HighRECost,PJM_East,2035,267
HighRECost,PJM_East,2040,289.9
HighRECost,PJM_East,2045,290.3
HighRECost,PJM_East,2050,280.7
HighRECost,PJM_West,2025,559.6
HighRECost,PJM_West,2030,204.9
HighRECost,PJM_West,2035,170.3
HighRECost,PJM_West,2040,176.6
HighRECost,PJM_West,2045,106.6
HighRECost,PJM_West,2050,69
HighRECost,SERTP,2025,585.7
HighRECost,SERTP,2030,372.3
HighRECost,SERTP,2035,166.6
HighRECost,SERTP,2040,235.4
HighRECost,SERTP,2045,212.2
HighRECost,SERTP,2050,204.5
HighRECost,SPP_North,2025,538.3
HighRECost,SPP_North,2030,218.3
HighRECost,SPP_North,2035,146.4
HighRECost,SPP_North,2040,154.4
HighRECost,SPP_North,2045,117
HighRECost,SPP_North,2050,60.3
HighRECost,SPP_South,2025,454.4
HighRECost,SPP_South,2030,192.3
HighRECost,SPP_South,2035,139.6
HighRECost,SPP_South,2040,149.3
HighRECost,SPP_South,2045,127.3
HighRECost,SPP_South,2050,153.4
HighRECost,WestConnect_North,2025,734.7
HighRECost,WestConnect_North,2030,262.5
HighRECost,WestConnect_North,2035,154.6
HighRECost,WestConnect_North,2040,166.3
HighRECost,WestConnect_North,2045,171
HighRECost,WestConnect_North,2050,151
HighRECost,WestConnect_South,2025,336.2
HighRECost,WestConnect_South,2030,248.3
HighRECost,WestConnect_South,2035,218.6
HighRECost,WestConnect_South,2040,203.2
HighRECost,WestConnect_South,2045,231
HighRECost,WestConnect_South,2050,169
HighDemandGrowth,CAISO,2025,283.4
HighDemandGrowth,CAISO,2030,148.4
HighDemandGrowth,CAISO,2035,62.3
HighDemandGrowth,CAISO,2040,55.7
HighDemandGrowth,CAISO,2045,22
HighDemandGrowth,CAISO,2050,21.1
HighDemandGrowth,ERCOT,2025,281.8
HighDemandGrowth,ERCOT,2030,127.1
HighDemandGrowth,ERCOT,2035,106.2
HighDemandGrowth,ERCOT,2040,99
HighDemandGrowth,ERCOT,2045,116
HighDemandGrowth,ERCOT,2050,125.6
HighDemandGrowth,FRCC,2025,524.1
HighDemandGrowth,FRCC,2030,348.3
HighDemandGrowth,FRCC,2035,306.9
HighDemandGrowth,FRCC,2040,136
HighDemandGrowth,FRCC,2045,264.9
HighDemandGrowth,FRCC,2050,154.5
HighDemandGrowth,ISONE,2025,307.3
HighDemandGrowth,ISONE,2030,229.7
HighDemandGrowth,ISONE,2035,141.5
HighDemandGrowth,ISONE,2040,86.3
HighDemandGrowth,ISONE,2045,65.3
HighDemandGrowth,ISONE,2050,42.1
HighDemandGrowth,MISO_Central,2025,705.7
HighDemandGrowth,MISO_Central,2030,244.9
HighDemandGrowth,MISO_Central,2035,219.2
HighDemandGrowth,MISO_Central,2040,170.4
HighDemandGrowth,MISO_Central,2045,169.7
HighDemandGrowth,MISO_Central,2050,119.9
HighDemandGrowth,MISO_North,2025,458
HighDemandGrowth,MISO_North,2030,192.4
HighDemandGrowth,MISO_North,2035,151.6
HighDemandGrowth,MISO_North,2040,125.2
HighDemandGrowth,MISO_North,2045,104
HighDemandGrowth,MISO_North,2050,96.2
HighDemandGrowth,MISO_South,2025,739.9
HighDemandGrowth,MISO_South,2030,248.4
HighDemandGrowth,MISO_South,2035,230.1
HighDemandGrowth,MISO_South,2040,155.8
HighDemandGrowth,MISO_South,2045,90.5
HighDemandGrowth,MISO_South,2050,91.7
HighDemandGrowth,NYISO,2025,371.2
HighDemandGrowth,NYISO,2030,207.3
HighDemandGrowth,NYISO,2035,172.9
HighDemandGrowth,NYISO,2040,0
HighDemandGrowth,NYISO,2045,0
HighDemandGrowth,NYISO,2050,0
HighDemandGrowth,NorthernGrid_East,2025,495.6
HighDemandGrowth,NorthernGrid_East,2030,105.8
HighDemandGrowth,NorthernGrid_East,2035,185.8
HighDemandGrowth,NorthernGrid_East,2040,165.8
HighDemandGrowth,NorthernGrid_East,2045,238.6
HighDemandGrowth,NorthernGrid_East,2050,262.5
HighDemandGrowth,NorthernGrid_South,2025,303.4
HighDemandGrowth,NorthernGrid_South,2030,174.2
HighDemandGrowth,NorthernGrid_South,2035,163.2
HighDemandGrowth,NorthernGrid_South,2040,183.7
HighDemandGrowth,NorthernGrid_South,2045,158.4
HighDemandGrowth,NorthernGrid_South,2050,150.8
HighDemandGrowth,NorthernGrid_West,2025,259.3
HighDemandGrowth,NorthernGrid_West,2030,39
HighDemandGrowth,NorthernGrid_West,2035,32.7
HighDemandGrowth,NorthernGrid_West,2040,37.6
HighDemandGrowth,NorthernGrid_West,2045,43.4
HighDemandGrowth,NorthernGrid_West,2050,40
HighDemandGrowth,PJM_East,2025,575.3
HighDemandGrowth,PJM_East,2030,361.5
HighDemandGrowth,PJM_East,2035,326.9
HighDemandGrowth,PJM_East,2040,244.6
HighDemandGrowth,PJM_East,2045,253.3
HighDemandGrowth,PJM_East,2050,245.1
HighDemandGrowth,PJM_West,2025,618.6
HighDemandGrowth,PJM_West,2030,164.9
HighDemandGrowth,PJM_West,2035,147.9
HighDemandGrowth,PJM_West,2040,127.4
HighDemandGrowth,PJM_West,2045,149.4
HighDemandGrowth,PJM_West,2050,57.9
HighDemandGrowth,SERTP,2025,648.5
HighDemandGrowth,SERTP,2030,282.4
HighDemandGrowth,SERTP,2035,263
HighDemandGrowth,SERTP,2040,185.9
HighDemandGrowth,SERTP,2045,144.3
HighDemandGrowth,SERTP,2050,166.6
HighDemandGrowth,SPP_North,2025,579.3
HighDemandGrowth,SPP_North,2030,221.3
HighDemandGrowth,SPP_North,2035,155.1
HighDemandGrowth,SPP_North,2040,181.9
HighDemandGrowth,SPP_North,2045,109.2
HighDemandGrowth,SPP_North,2050,49.7
HighDemandGrowth,SPP_South,2025,441.5
HighDemandGrowth,SPP_South,2030,168.7
HighDemandGrowth,SPP_South,2035,136.2
HighDemandGrowth,SPP_South,2040,103.8
HighDemandGrowth,SPP_South,2045,91.3
HighDemandGrowth,SPP_South,2050,91.3
HighDemandGrowth,WestConnect_North,2025,544.1
HighDemandGrowth,WestConnect_North,2030,171.8
HighDemandGrowth,WestConnect_North,2035,165.2
HighDemandGrowth,WestConnect_North,2040,152.9
HighDemandGrowth,WestConnect_North,2045,154.8
HighDemandGrowth,WestConnect_North,2050,171.6
HighDemandGrowth,WestConnect_South,2025,399.4
HighDemandGrowth,WestConnect_South,2030,147
HighDemandGrowth,WestConnect_South,2035,177.3
HighDemandGrowth,WestConnect_South,2040,146
HighDemandGrowth,WestConnect_South,2045,174.1
HighDemandGrowth,WestConnect_South,2050,207.8
LowNGPrice,CAISO,2025,265.9
LowNGPrice,CAISO,2030,124.1
LowNGPrice,CAISO,2035,67.6
LowNGPrice,CAISO,2040,49.8
LowNGPrice,CAISO,2045,24.8
LowNGPrice,CAISO,2050,23.9
LowNGPrice,ERCOT,2025,277.3
LowNGPrice,ERCOT,2030,162.4
LowNGPrice,ERCOT,2035,118
LowNGPrice,ERCOT,2040,88.3
LowNGPrice,ERCOT,2045,62.2
LowNGPrice,ERCOT,2050,83.6
LowNGPrice,FRCC,2025,515.9
LowNGPrice,FRCC,2030,391.6
LowNGPrice,FRCC,2035,333.8
LowNGPrice,FRCC,2040,319.1
LowNGPrice,FRCC,2045,322.4
LowNGPrice,FRCC,2050,244.7
LowNGPrice,ISONE,2025,325.9
LowNGPrice,ISONE,2030,234.5
LowNGPrice,ISONE,2035,146
LowNGPrice,ISONE,2040,104.6
LowNGPrice,ISONE,2045,66.9
LowNGPrice,ISONE,2050,45.7
LowNGPrice,MISO_Central,2025,692.9
LowNGPrice,MISO_Central,2030,151.7
LowNGPrice,MISO_Central,2035,207.9
LowNGPrice,MISO_Central,2040,164.7
LowNGPrice,MISO_Central,2045,109.5
LowNGPrice,MISO_Central,2050,142.6
LowNGPrice,MISO_North,2025,410.2
LowNGPrice,MISO_North,2030,89.9
LowNGPrice,MISO_North,2035,114.4
LowNGPrice,MISO_North,2040,120.9
LowNGPrice,MISO_North,2045,88.2
LowNGPrice,MISO_North,2050,110.9
LowNGPrice,MISO_South,2025,562
LowNGPrice,MISO_South,2030,320.9
LowNGPrice,MISO_South,2035,185.8
LowNGPrice,MISO_South,2040,170.9
LowNGPrice,MISO_South,2045,172.4
LowNGPrice,MISO_South,2050,174.6
LowNGPrice,NYISO,2025,353.1
LowNGPrice,NYISO,2030,198
LowNGPrice,NYISO,2035,182.1
LowNGPrice,NYISO,2040,0
LowNGPrice,NYISO,2045,0
LowNGPrice,NYISO,2050,0
LowNGPrice,NorthernGrid_East,2025,193.8
LowNGPrice,NorthernGrid_East,2030,153.9
LowNGPrice,NorthernGrid_East,2035,296.9
LowNGPrice,NorthernGrid_East,2040,165
LowNGPrice,NorthernGrid_East,2045,204.7
LowNGPrice,NorthernGrid_East,2050,153.1
LowNGPrice,NorthernGrid_South,2025,238
LowNGPrice,NorthernGrid_South,2030,234.4
LowNGPrice,NorthernGrid_South,2035,196.6
LowNGPrice,NorthernGrid_South,2040,159.7
LowNGPrice,NorthernGrid_South,2045,145.2
LowNGPrice,NorthernGrid_South,2050,108.3
LowNGPrice,NorthernGrid_West,2025,131.8
LowNGPrice,NorthernGrid_West,2030,38.5
LowNGPrice,NorthernGrid_West,2035,52.1
LowNGPrice,NorthernGrid_West,2040,34
LowNGPrice,NorthernGrid_West,2045,48.8
LowNGPrice,NorthernGrid_West,2050,29.3
LowNGPrice,PJM_East,2025,640.1
LowNGPrice,PJM_East,2030,257.6
LowNGPrice,PJM_East,2035,273.6
LowNGPrice,PJM_East,2040,236.8
LowNGPrice,PJM_East,2045,248.7
LowNGPrice,PJM_East,2050,239.5
LowNGPrice,PJM_West,2025,622.9
LowNGPrice,PJM_West,2030,69
LowNGPrice,PJM_West,2035,133.2
LowNGPrice,PJM_West,2040,114.3
LowNGPrice,PJM_West,2045,81.1
LowNGPrice,PJM_West,2050,60.7
LowNGPrice,SERTP,2025,599.2
LowNGPrice,SERTP,2030,205.6
LowNGPrice,SERTP,2035,194.4
LowNGPrice,SERTP,2040,155.6
LowNGPrice,SERTP,2045,107.6
LowNGPrice,SERTP,2050,200
LowNGPrice,SPP_North,2025,547.9
LowNGPrice,SPP_North,2030,94.4
LowNGPrice,SPP_North,2035,103.1
LowNGPrice,SPP_North,2040,99.1
LowNGPrice,SPP_North,2045,89.1
LowNGPrice,SPP_North,2050,53.8
LowNGPrice,SPP_South,2025,424.6
LowNGPrice,SPP_South,2030,78
LowNGPrice,SPP_South,2035,145.3
LowNGPrice,SPP_South,2040,103.7
LowNGPrice,SPP_South,2045,88.1
LowNGPrice,SPP_South,2050,114.7
LowNGPrice,WestConnect_North,2025,376.3
LowNGPrice,WestConnect_North,2030,157.8
LowNGPrice,WestConnect_North,2035,219.8
LowNGPrice,WestConnect_North,2040,125.9
LowNGPrice,WestConnect_North,2045,146.9
LowNGPrice,WestConnect_North,2050,115.7
LowNGPrice,WestConnect_South,2025,270.1
LowNGPrice,WestConnect_South,2030,170.6
LowNGPrice,WestConnect_South,2035,289.7
LowNGPrice,WestConnect_South,2040,190.8
LowNGPrice,WestConnect_South,2045,179.3
LowNGPrice,WestConnect_South,2050,94.9
HighNGPrice,CAISO,2025,233.3
HighNGPrice,CAISO,2030,204.6
HighNGPrice,CAISO,2035,66.9
HighNGPrice,CAISO,2040,50.5
HighNGPrice,CAISO,2045,29.2
HighNGPrice,CAISO,2050,28.5
HighNGPrice,ERCOT,2025,209.2
HighNGPrice,ERCOT,2030,155.8
HighNGPrice,ERCOT,2035,68.4
HighNGPrice,ERCOT,2040,107
HighNGPrice,ERCOT,2045,114.7
HighNGPrice,ERCOT,2050,72.8
HighNGPrice,FRCC,2025,484.9
HighNGPrice,FRCC,2030,313.6
HighNGPrice,FRCC,2035,119.9
HighNGPrice,FRCC,2040,106.5
HighNGPrice,FRCC,2045,79.7
HighNGPrice,FRCC,2050,129.1
HighNGPrice,ISONE,2025,313.1
HighNGPrice,ISONE,2030,203
HighNGPrice,ISONE,2035,140.6
HighNGPrice,ISONE,2040,89.8
HighNGPrice,ISONE,2045,64.4
HighNGPrice,ISONE,2050,36.3
HighNGPrice,MISO_Central,2025,563.3
HighNGPrice,MISO_Central,2030,282.1
HighNGPrice,MISO_Central,2035,125.7
HighNGPrice,MISO_Central,2040,162.2
HighNGPrice,MISO_Central,2045,137.1
HighNGPrice,MISO_Central,2050,82.5
HighNGPrice,MISO_North,2025,510.4
HighNGPrice,MISO_North,2030,170.7
HighNGPrice,MISO_North,2035,88.7
HighNGPrice,MISO_North,2040,126.4
HighNGPrice,MISO_North,2045,69.5
HighNGPrice,MISO_North,2050,66.2
HighNGPrice,MISO_South,2025,594.6
HighNGPrice,MISO_South,2030,289
HighNGPrice,MISO_South,2035,114.9
HighNGPrice,MISO_South,2040,103
HighNGPrice,MISO_South,2045,108.1
HighNGPrice,MISO_South,2050,117.3
HighNGPrice,NYISO,2025,303.5
HighNGPrice,NYISO,2030,184.3
HighNGPrice,NYISO,2035,188
HighNGPrice,NYISO,2040,0
HighNGPrice,NYISO,2045,0
HighNGPrice,NYISO,2050,0
HighNGPrice,NorthernGrid_East,2025,290.2
HighNGPrice,NorthernGrid_East,2030,59.6
HighNGPrice,NorthernGrid_East,2035,210.5
HighNGPrice,NorthernGrid_East,2040,134.6
HighNGPrice,NorthernGrid_East,2045,135
HighNGPrice,NorthernGrid_East,2050,159.5
HighNGPrice,NorthernGrid_South,2025,299.2
HighNGPrice,NorthernGrid_South,2030,108.4
HighNGPrice,NorthernGrid_South,2035,173
HighNGPrice,NorthernGrid_South,2040,117.8
HighNGPrice,NorthernGrid_South,2045,105.1
HighNGPrice,NorthernGrid_South,2050,97.2
HighNGPrice,NorthernGrid_West,2025,155.8
HighNGPrice,NorthernGrid_West,2030,16.1
HighNGPrice,NorthernGrid_West,2035,36
HighNGPrice,NorthernGrid_West,2040,21.6
HighNGPrice,NorthernGrid_West,2045,26
HighNGPrice,NorthernGrid_West,2050,25.2
HighNGPrice,PJM_East,2025,511.3
HighNGPrice,PJM_East,2030,383.4
HighNGPrice,PJM_East,2035,358.1
HighNGPrice,PJM_East,2040,300.8
HighNGPrice,PJM_East,2045,221.6
HighNGPrice,PJM_East,2050,201.1
HighNGPrice,PJM_West,2025,443.6
HighNGPrice,PJM_West,2030,103.8
HighNGPrice,PJM_West,2035,92.8
HighNGPrice,PJM_West,2040,120.3
HighNGPrice,PJM_West,2045,85.9
HighNGPrice,PJM_West,2050,57.1
HighNGPrice,SERTP,2025,502.7
HighNGPrice,SERTP,2030,410.8
HighNGPrice,SERTP,2035,191.3
HighNGPrice,SERTP,2040,179.9
HighNGPrice,SERTP,2045,143.6
HighNGPrice,SERTP,2050,116.1
HighNGPrice,SPP_North,2025,664.2
HighNGPrice,SPP_North,2030,191.8
HighNGPrice,SPP_North,2035,76.6
HighNGPrice,SPP_North,2040,106.3
HighNGPrice,SPP_North,2045,122.4
HighNGPrice,SPP_North,2050,41.8
HighNGPrice,SPP_South,2025,464.8
HighNGPrice,SPP_South,2030,135.8
HighNGPrice,SPP_South,2035,103.8
HighNGPrice,SPP_South,2040,133.7
HighNGPrice,SPP_South,2045,93.6
HighNGPrice,SPP_South,2050,93.2
HighNGPrice,WestConnect_North,2025,355.1
HighNGPrice,WestConnect_North,2030,134.2
HighNGPrice,WestConnect_North,2035,197.7
HighNGPrice,WestConnect_North,2040,140.1
HighNGPrice,WestConnect_North,2045,129.2
HighNGPrice,WestConnect_North,2050,99.6
HighNGPrice,WestConnect_South,2025,296.4
HighNGPrice,WestConnect_South,2030,147.9
HighNGPrice,WestConnect_South,2035,206.4
HighNGPrice,WestConnect_South,2040,124.8
HighNGPrice,WestConnect_South,2045,86.5
HighNGPrice,WestConnect_South,2050,114
Decarb95by2050,CAISO,2025,264.3
Decarb95by2050,CAISO,2030,176.7
Decarb95by2050,CAISO,2035,38.4
Decarb95by2050,CAISO,2040,46.7
Decarb95by2050,CAISO,2045,11.9
Decarb95by2050,CAISO,2050,10.7
Decarb95by2050,ERCOT,2025,306.9
Decarb95by2050,ERCOT,2030,195.1
Decarb95by2050,ERCOT,2035,112.9
Decarb95by2050,ERCOT,2040,99
Decarb95by2050,ERCOT,2045,71.5
Decarb95by2050,ERCOT,2050,40.6
Decarb95by2050,FRCC,2025,533.7
Decarb95by2050,FRCC,2030,342.9
Decarb95by2050,FRCC,2035,307
Decarb95by2050,FRCC,2040,270.6
Decarb95by2050,FRCC,2045,124.6
Decarb95by2050,FRCC,2050,127.3
Decarb95by2050,ISONE,2025,310.4
Decarb95by2050,ISONE,2030,216.2
Decarb95by2050,ISONE,2035,135.4
Decarb95by2050,ISONE,2040,84.8
Decarb95by2050,ISONE,2045,60.2
Decarb95by2050,ISONE,2050,24.2
Decarb95by2050,MISO_Central,2025,754.7
Decarb95by2050,MISO_Central,2030,184.6
Decarb95by2050,MISO_Central,2035,185.2
Decarb95by2050,MISO_Central,2040,194
Decarb95by2050,MISO_Central,2045,80
Decarb95by2050,MISO_Central,2050,56.8
Decarb95by2050,MISO_North,2025,530.3
Decarb95by2050,MISO_North,2030,131.8
Decarb95by2050,MISO_North,2035,82.6
Decarb95by2050,MISO_North,2040,149.1
Decarb95by2050,MISO_North,2045,58.5
Decarb95by2050,MISO_North,2050,26.8
Decarb95by2050,MISO_South,2025,635.7
Decarb95by2050,MISO_South,2030,308.3
Decarb95by2050,MISO_South,2035,94.7
Decarb95by2050,MISO_South,2040,86.2
Decarb95by2050,MISO_South,2045,73.5
Decarb95by2050,MISO_South,2050,52.4
Decarb95by2050,NYISO,2025,325.4
Decarb95by2050,NYISO,2030,181.3
Decarb95by2050,NYISO,2035,144.1
Decarb95by2050,NYISO,2040,0
Decarb95by2050,NYISO,2045,0
Decarb95by2050,NYISO,2050,0
Decarb95by2050,NorthernGrid_East,2025,474.3
Decarb95by2050,NorthernGrid_East,2030,204.1
Decarb95by2050,NorthernGrid_East,2035,401.1
Decarb95by2050,NorthernGrid_East,2040,172.5
Decarb95by2050,NorthernGrid_East,2045,183.7
Decarb95by2050,NorthernGrid_East,2050,212.9
Decarb95by2050,NorthernGrid_South,2025,331.4
Decarb95by2050,NorthernGrid_South,2030,204.8
Decarb95by2050,NorthernGrid_South,2035,268.6
Decarb95by2050,NorthernGrid_South,2040,149.5
Decarb95by2050,NorthernGrid_South,2045,128.2
Decarb95by2050,NorthernGrid_South,2050,115.2
Decarb95by2050,NorthernGrid_West,2025,241.6
Decarb95by2050,NorthernGrid_West,2030,51.2
Decarb95by2050,NorthernGrid_West,2035,61.3
Decarb95by2050,NorthernGrid_West,2040,33.2
Decarb95by2050,NorthernGrid_West,2045,28.5
Decarb95by2050,NorthernGrid_West,2050,28.3
Decarb95by2050,PJM_East,2025,631.1
Decarb95by2050,PJM_East,2030,275.1
Decarb95by2050,PJM_East,2035,211.3
Decarb95by2050,PJM_East,2040,238
Decarb95by2050,PJM_East,2045,133.9
Decarb95by2050,PJM_East,2050,104.9
Decarb95by2050,PJM_West,2025,578.8
Decarb95by2050,PJM_West,2030,124.2
Decarb95by2050,PJM_West,2035,143.2
Decarb95by2050,PJM_West,2040,157.2
Decarb95by2050,PJM_West,2045,57.3
Decarb95by2050,PJM_West,2050,36.9
Decarb95by2050,SERTP,2025,698.3
Decarb95by2050,SERTP,2030,238.6
Decarb95by2050,SERTP,2035,152.6
Decarb95by2050,SERTP,2040,145.6
Decarb95by2050,SERTP,2045,85
Decarb95by2050,SERTP,2050,68.5
Decarb95by2050,SPP_North,2025,736.2
Decarb95by2050,SPP_North,2030,168
Decarb95by2050,SPP_North,2035,101.1
Decarb95by2050,SPP_North,2040,142.7
Decarb95by2050,SPP_North,2045,60
Decarb95by2050,SPP_North,2050,11.1
Decarb95by2050,SPP_South,2025,622.1
Decarb95by2050,SPP_South,2030,140.8
Decarb95by2050,SPP_South,2035,136.3
Decarb95by2050,SPP_South,2040,120.4
Decarb95by2050,SPP_South,2045,86.6
Decarb95by2050,SPP_South,2050,39
Decarb95by2050,WestConnect_North,2025,602.3
Decarb95by2050,WestConnect_North,2030,182.2
Decarb95by2050,WestConnect_North,2035,266.6
Decarb95by2050,WestConnect_North,2040,164.1
Decarb95by2050,WestConnect_North,2045,130.4
Decarb95by2050,WestConnect_North,2050,115
Decarb95by2050,WestConnect_South,2025,424.6
Decarb95by2050,WestConnect_South,2030,219.4
Decarb95by2050,WestConnect_South,2035,305.4
Decarb95by2050,WestConnect_South,2040,160.7
Decarb95by2050,WestConnect_South,2045,168.9
Decarb95by2050,WestConnect_South,2050,177.3
Decarb100by2035,CAISO,2025,255.1
Decarb100by2035,CAISO,2030,173.6
Decarb100by2035,CAISO,2035,0
Decarb100by2035,CAISO,2040,0
Decarb100by2035,CAISO,2045,0
Decarb100by2035,CAISO,2050,0
Decarb100by2035,ERCOT,2025,246.8
Decarb100by2035,ERCOT,2030,183.2
Decarb100by2035,ERCOT,2035,0
Decarb100by2035,ERCOT,2040,0
Decarb100by2035,ERCOT,2045,0
Decarb100by2035,ERCOT,2050,0
Decarb100by2035,FRCC,2025,534.8
Decarb100by2035,FRCC,2030,340.3
Decarb100by2035,FRCC,2035,0
Decarb100by2035,FRCC,2040,0
Decarb100by2035,FRCC,2045,0
Decarb100by2035,FRCC,2050,0
Decarb100by2035,ISONE,2025,312.5
Decarb100by2035,ISONE,2030,208.2
Decarb100by2035,ISONE,2035,0
Decarb100by2035,ISONE,2040,0
Decarb100by2035,ISONE,2045,0
Decarb100by2035,ISONE,2050,0
Decarb100by2035,MISO_Central,2025,693.8
Decarb100by2035,MISO_Central,2030,193.5
Decarb100by2035,MISO_Central,2035,0
Decarb100by2035,MISO_Central,2040,0
Decarb100by2035,MISO_Central,2045,0
Decarb100by2035,MISO_Central,2050,0
Decarb100by2035,MISO_North,2025,383.7
Decarb100by2035,MISO_North,2030,145
Decarb100by2035,MISO_North,2035,0
Decarb100by2035,MISO_North,2040,0
Decarb100by2035,MISO_North,2045,0
Decarb100by2035,MISO_North,2050,0
Decarb100by2035,MISO_South,2025,533.3
Decarb100by2035,MISO_South,2030,290.3
Decarb100by2035,MISO_South,2035,0
Decarb100by2035,MISO_South,2040,0
Decarb100by2035,MISO_South,2045,0
Decarb100by2035,MISO_South,2050,0
Decarb100by2035,NYISO,2025,313.7
Decarb100by2035,NYISO,2030,165.5
Decarb100by2035,NYISO,2035,0
Decarb100by2035,NYISO,2040,0
Decarb100by2035,NYISO,2045,0
Decarb100by2035,NYISO,2050,0
Decarb100by2035,NorthernGrid_East,2025,220.2
Decarb100by2035,NorthernGrid_East,2030,198.2
Decarb100by2035,NorthernGrid_East,2035,0
Decarb100by2035,NorthernGrid_East,2040,0
Decarb100by2035,NorthernGrid_East,2045,0
Decarb100by2035,NorthernGrid_East,2050,0
Decarb100by2035,NorthernGrid_South,2025,245.9
Decarb100by2035,NorthernGrid_South,2030,200.2
Decarb100by2035,NorthernGrid_South,2035,0
Decarb100by2035,NorthernGrid_South,2040,0
Decarb100by2035,NorthernGrid_South,2045,0
Decarb100by2035,NorthernGrid_South,2050,0
Decarb100by2035,NorthernGrid_West,2025,133
Decarb100by2035,NorthernGrid_West,2030,51.2
Decarb100by2035,NorthernGrid_West,2035,0
Decarb100by2035,NorthernGrid_West,2040,0
Decarb100by2035,NorthernGrid_West,2045,0
Decarb100by2035,NorthernGrid_West,2050,0
Decarb100by2035,PJM_East,2025,566.5
Decarb100by2035,PJM_East,2030,272.6
Decarb100by2035,PJM_East,2035,0
Decarb100by2035,PJM_East,2040,0
Decarb100by2035,PJM_East,2045,0
Decarb100by2035,PJM_East,2050,0
Decarb100by2035,PJM_West,2025,448.5
Decarb100by2035,PJM_West,2030,127.9
Decarb100by2035,PJM_West,2035,0
Decarb100by2035,PJM_West,2040,0
Decarb100by2035,PJM_West,2045,0
Decarb100by2035,PJM_West,2050,0
Decarb100by2035,SERTP,2025,589.3
Decarb100by2035,SERTP,2030,231.4
Decarb100by2035,SERTP,2035,0
Decarb100by2035,SERTP,2040,0
Decarb100by2035,SERTP,2045,0
Decarb100by2035,SERTP,2050,0
Decarb100by2035,SPP_North,2025,522.2
Decarb100by2035,SPP_North,2030,171.6
Decarb100by2035,SPP_North,2035,0
Decarb100by2035,SPP_North,2040,0
Decarb100by2035,SPP_North,2045,0
Decarb100by2035,SPP_North,2050,0
Decarb100by2035,SPP_South,2025,418.9
Decarb100by2035,SPP_South,2030,140.5
Decarb100by2035,SPP_South,2035,0
Decarb100by2035,SPP_South,2040,0
Decarb100by2035,SPP_South,2045,0
Decarb100by2035,SPP_South,2050,0
Decarb100by2035,WestConnect_North,2025,187.7
Decarb100by2035,WestConnect_North,2030,166.8
Decarb100by2035,WestConnect_North,2035,0
Decarb100by2035,WestConnect_North,2040,0
Decarb100by2035,WestConnect_North,2045,0
Decarb100by2035,WestConnect_North,2050,0
Decarb100by2035,WestConnect_South,2025,280.8
Decarb100by2035,WestConnect_South,2030,220.9
Decarb100by2035,WestConnect_South,2035,0
Decarb100by2035,WestConnect_South,2040,0
Decarb100by2035,WestConnect_South,2045,0
Decarb100by2035,WestConnect_South,2050,0
